SALE TYPE,SOLD DATE,PROPERTY TYPE,ADDRESS,CITY,STATE OR PROVINCE,ZIP OR POSTAL CODE,PRICE,BEDS,BATHS,LOCATION,SQUARE FEET,LOT SIZE,YEAR BUILT,DAYS ON MARKET,$/SQUARE FEET,HOA/MONTH,STATUS,NEXT OPEN HOUSE START TIME,NEXT OPEN HOUSE END TIME,URL (SEE https://www.redfin.com/buy-a-home/comparative-market-analysis FOR INFO ON PRICING),SOURCE,MLS#,FAVORITE,INTERESTED,LATITUDE,LONGITUDE
"In accordance with local MLS rules, some MLS listings are not included in the download"
PAST SALE,August-18-2025,Vacant Land,0 xxx 174th Ave NE,Woodinville,WA,98072,100000,,,Woodinville,,108029,,,,,Sold,,,https://www.redfin.com/WA/Woodinville/0-xxx-174th-Ave-NE-98072/home/197284151,NWMLS as Distributed by MLS Grid,2423636,N,Y,47.741672,-122.107456
PAST SALE,June-13-2025,Single Family Residential,15524 165th Pl NE,Woodinville,WA,98072,2000000,3,3.0,Woodinville,3050,58370,1979,,656,,Sold,,,https://www.redfin.com/WA/Woodinville/15524-165th-Pl-NE-98072/home/448437,NWMLS as Distributed by MLS Grid,2382009,N,Y,47.740503,-122.1183419
PAST SALE,June-13-2025,Single Family Residential,19722 170th Ave NE,Woodinville,WA,98072,1010000,4,2.0,Woodinville,1860,36528,1962,,543,,Sold,,,https://www.redfin.com/WA/Woodinville/19722-170th-Ave-NE-98072/home/271050,NWMLS as Distributed by MLS Grid,2370739,N,Y,47.7711821,-122.1138475
PAST SALE,July-29-2025,Single Family Residential,18829 NE 157th St,Woodinville,WA,98072,1700000,4,2.5,Cottage Lake,2730,92890,1991,,623,,Sold,,,https://www.redfin.com/WA/Woodinville/18829-NE-157th-St-98072/home/269885,NWMLS as Distributed by MLS Grid,2396432,N,Y,47.7413216,-122.0854385
PAST SALE,April-30-2025,Townhouse,13282 NE 183rd St,Woodinville,WA,98072,770000,3,2.5,Woodinville,1479,,1995,,521,628,Sold,,,https://www.redfin.com/WA/Woodinville/13282-NE-183rd-St-98072/home/195173838,NWMLS as Distributed by MLS Grid,2349840,N,Y,47.760021,-122.162369
PAST SALE,August-21-2025,Single Family Residential,4525 244th St SE,Bothell,WA,98021,1125000,3,2.0,Bothell,1900,14375,1989,,592,,Sold,,,https://www.redfin.com/WA/Bothell/4525-244th-St-SE-98021/home/2630062,NWMLS as Distributed by MLS Grid,2374941,N,Y,47.7765332,-122.1706675
PAST SALE,August-13-2025,Condo/Co-op,13215 NE 143rd Ct #20,Woodinville,WA,98072,1224995,4,3.5,Woodinville,2011,1,2025,,609,430,Sold,,,https://www.redfin.com/WA/Woodinville/13215-NE-143rd-Ct-98072/unit-20/home/196026350,NWMLS as Distributed by MLS Grid,2389830,N,Y,47.7304362,-122.1633153
PAST SALE,June-16-2025,Townhouse,14369 NE 148th Pl Unit 2A,Woodinville,WA,98072,2995000,4,4.5,Hollywood Hill,2976,1781,2024,,1006,478,Sold,,,https://www.redfin.com/WA/Woodinville/14369-NE-148th-Pl-98072/unit-2A/home/191946298,NWMLS as Distributed by MLS Grid,2273767,N,Y,47.7356416,-122.1199221
PAST SALE,May-23-2025,Townhouse,14325 NE 147th Ct Unit 12D,Woodinville,WA,98072,2295000,3,3.0,Hollywood Hill,1968,2108,2024,,1166,390,Sold,,,https://www.redfin.com/WA/Woodinville/14325-NE-147th-Ct-98072/unit-12D/home/191946790,NWMLS as Distributed by MLS Grid,2273842,N,Y,47.7347651,-122.139776
PAST SALE,April-18-2025,Single Family Residential,15103 148th Ave NE,Woodinville,WA,98072,700000,3,2.5,Woodinville,3240,87120,1963,,216,,Sold,,,https://www.redfin.com/WA/Woodinville/15103-148th-Ave-NE-98072/home/451649,NWMLS as Distributed by MLS Grid,2362478,N,Y,47.7367847,-122.1428083
PAST SALE,April-14-2025,Single Family Residential,14321 160th Ave NE,Woodinville,WA,98072,2875000,4,4.0,Woodinville,4070,68950,1988,,706,92,Sold,,,https://www.redfin.com/WA/Woodinville/14321-160th-Ave-NE-98072/home/448639,NWMLS as Distributed by MLS Grid,2359848,N,Y,47.7297827,-122.1270104
PAST SALE,April-11-2025,Townhouse,14800 NE 143rd St,Woodinville,WA,98072,2025000,3,2.5,Hollywood Hill,2012,1,2025,,1006,347,Sold,,,https://www.redfin.com/WA/Woodinville/14800-NE-143rd-Street-Homesite-29-98072/home/194380572,NWMLS as Distributed by MLS Grid,2324661,N,Y,47.728828,-122.141731
PAST SALE,July-2-2025,Townhouse,14341 NE 147th Ct Unit 14C,Woodinville,WA,98072,2350000,3,3.5,Hollywood Hill,2092,1609,2024,,1123,401,Sold,,,https://www.redfin.com/WA/Woodinville/14341-NE-147th-Ct-98072/unit-14C/home/191946758,NWMLS as Distributed by MLS Grid,2273831,N,Y,47.7347651,-122.139776
PAST SALE,July-30-2025,Single Family Residential,16930 Woodinville Duvall Rd,Woodinville,WA,98072,950000,1,1.0,Woodinville,3260,36218,1980,,291,,Sold,,,https://www.redfin.com/WA/Woodinville/16930-NE-Woodinville-Duvall-Rd-98072/home/270849,NWMLS as Distributed by MLS Grid,2416291,N,Y,47.7625916,-122.1131813
PAST SALE,August-28-2025,Condo/Co-op,13278 NE 143rd Ct #37,Woodinville,WA,98072,1199995,4,3.5,Woodinville,1921,1,2025,,625,430,Sold,,,https://www.redfin.com/WA/Woodinville/13278-NE-143rd-Ct-98072/unit-37/home/195043029,NWMLS as Distributed by MLS Grid,2412172,N,Y,47.7305617,-122.1617527
PAST SALE,July-7-2025,Condo/Co-op,13218 NE 143rd Ct #22,Woodinville,WA,98072,1249995,4,3.5,Woodinville,2011,1,2025,,622,430,Sold,,,https://www.redfin.com/WA/Woodinville/13218-NE-143rd-Ct-98072/unit-22/home/196026399,NWMLS as Distributed by MLS Grid,2389834,N,Y,47.7307237,-122.163142
PAST SALE,July-9-2025,Condo/Co-op,13274 NE 143rd Ct #36,Woodinville,WA,98072,1149995,4,3.5,Woodinville,1921,,2025,,599,430,Sold,,,https://www.redfin.com/WA/Woodinville/13274-NE-143rd-Ct-98072/unit-36/home/195991141,NWMLS as Distributed by MLS Grid,2387990,N,Y,47.7305613,-122.1618471
PAST SALE,September-9-2025,Single Family Residential,15311 NE 173rd St,Woodinville,WA,98072,1100000,3,2.5,Hollywood Hill,2730,52272,1991,,403,,Sold,,,https://www.redfin.com/WA/Woodinville/15311-NE-173rd-St-98072/home/448479,NWMLS as Distributed by MLS Grid,2435019,N,Y,47.7522808,-122.1348227
PAST SALE,,Mobile/Manufactured Home,20406 Little Bear Creek Rd #162,Woodinville,WA,98072,100000,3,2.0,,1434,1493134,1977,,70,,,,,https://www.redfin.com/WA/Woodinville/20406-Little-Bear-Creek-Rd-98072/unit-162/home/2872819,,,N,Y,47.8122856,-122.1628408
PAST SALE,August-29-2025,Townhouse,14356 148th Place NE (Homesite 21),Woodinville,WA,98072,1950000,4,3.5,Hollywood Hill,2579,,2025,,756,347,Sold,,,https://www.redfin.com/WA/Woodinville/14356-148th-Pl-NE-98072/home/194885778,NWMLS as Distributed by MLS Grid,2336268,N,Y,47.7304111,-122.1421623
PAST SALE,September-8-2025,Townhouse,14307 HS 37 149th Pl NE,Woodinville,WA,98072,1740000,4,3.5,Hollywood Hill,2579,,2025,,675,347,Sold,,,https://www.redfin.com/WA/Woodinville/14307-149th-Pl-NE-98072/home/194636303,NWMLS as Distributed by MLS Grid,2419595,N,Y,47.7738973,-122.1412613
PAST SALE,May-22-2025,Condo/Co-op,13271 NE 143rd Ct #6,Woodinville,WA,98072,1274995,4,3.5,Woodinville,1921,,2025,,664,430,Sold,,,https://www.redfin.com/WA/Woodinville/13271-NE-143rd-Ct-98072/unit-6/home/195429736,NWMLS as Distributed by MLS Grid,2361072,N,Y,47.7300898,-122.1620616
PAST SALE,May-16-2025,Townhouse,14307 NE 147th Ct Unit 10C,Woodinville,WA,98072,2295000,3,3.5,Hollywood Hill,2092,1823,2024,,1097,401,Sold,,,https://www.redfin.com/WA/Woodinville/14307-NE-147th-Ct-98072/unit-10C/home/191946726,NWMLS as Distributed by MLS Grid,2273825,N,Y,47.7347651,-122.139776
PAST SALE,May-29-2025,Single Family Residential,6319 216th St SE,Woodinville,WA,98072,850000,3,1.5,Maltby,1452,65340,1933,,585,,Sold,,,https://www.redfin.com/WA/Woodinville/6319-216th-St-SE-98072/home/2594893,NWMLS as Distributed by MLS Grid,2384874,N,Y,47.8016562,-122.1478636
PAST SALE,May-16-2025,Townhouse,14305 NE 147th Ct Unit 10D,Woodinville,WA,98072,2200000,3,3.0,Hollywood Hill,1968,1846,2024,,1118,390,Sold,,,https://www.redfin.com/WA/Woodinville/14305-NE-147th-Ct-98072/unit-10D/home/191946785,NWMLS as Distributed by MLS Grid,2273837,N,Y,47.7347651,-122.139776
PAST SALE,May-28-2025,Single Family Residential,16615 NE 151st Pl,Woodinville,WA,98072,6819828,5,5.5,Hollywood Hill,9710,65776,2006,,702,,Sold,,,https://www.redfin.com/WA/Woodinville/16615-NE-151st-Pl-98072/home/2061603,NWMLS as Distributed by MLS Grid,2385445,N,Y,47.7369647,-122.1174389
PAST SALE,June-23-2025,Condo/Co-op,13223 NE 143rd Ct #18,Woodinville,WA,98072,1074995,4,3.5,Woodinville,1921,,2025,,560,430,Sold,,,https://www.redfin.com/WA/Woodinville/13223-NE-143rd-Ct-98072/unit-18/home/195989253,NWMLS as Distributed by MLS Grid,2387651,N,Y,47.7303337,-122.1631672
PAST SALE,June-4-2025,Townhouse,14824 NE 143rd St,Woodinville,WA,98072,1850000,3,2.5,Hollywood Hill,1938,1,2025,,955,347,Sold,,,https://www.redfin.com/WA/Woodinville/14824-NE-143rd-ST-98072/home/195783857,NWMLS as Distributed by MLS Grid,2374603,N,Y,47.729456,-122.140422
PAST SALE,September-23-2025,Condo/Co-op,13255 NE 143rd Ct #10,Woodinville,WA,98072,1134995,4,3.5,Woodinville,1921,1,2025,,591,430,Sold,,,https://www.redfin.com/WA/Woodinville/13255-NE-143rd-Ct-98072/unit-10/home/197345031,NWMLS as Distributed by MLS Grid,2424624,N,Y,47.7300842,-122.1624651
PAST SALE,September-26-2025,Condo/Co-op,14490 133rd Pl NE #1,Woodinville,WA,98072,2199995,5,3.5,Woodinville,3724,8801,2025,,591,320,Sold,,,https://www.redfin.com/WA/Woodinville/14490-133rd-Pl-NE-98072/unit-1/home/196783540,NWMLS as Distributed by MLS Grid,2415953,N,Y,47.7325783,-122.1608277
PAST SALE,May-29-2025,Single Family Residential,24011 57th Ave SE,Woodinville,WA,98072,1090000,3,2.0,Woodinville,1699,20909,1982,,642,,Sold,,,https://www.redfin.com/WA/Woodinville/24011-57th-Ave-SE-98072/home/2788043,NWMLS as Distributed by MLS Grid,2363330,N,Y,47.7791784,-122.1587901
PAST SALE,June-25-2025,Single Family Residential,12913 NE 201st St,Woodinville,WA,98072,1750000,4,3.0,Woodinville,2916,6050,2018,,600,100,Sold,,,https://www.redfin.com/WA/Woodinville/12913-NE-201st-St-98072/home/145708613,NWMLS as Distributed by MLS Grid,2381090,N,Y,47.7738446,-122.1692842
PAST SALE,April-4-2025,Single Family Residential,12455 NE 155th Pl,Woodinville,WA,98072,1750000,5,2.5,West Woodinville,3080,6570,2006,,568,75,Sold,,,https://www.redfin.com/WA/Woodinville/12455-NE-155th-Pl-98072/home/11761440,NWMLS as Distributed by MLS Grid,2343757,N,Y,47.7404872,-122.1738083
PAST SALE,April-23-2025,Townhouse,15520 134th Pl NE Unit 20C,Woodinville,WA,98072,800000,3,2.5,West Woodinville,1548,,1998,,517,650,Sold,,,https://www.redfin.com/WA/Woodinville/15520-134th-Pl-NE-98072/unit-20C/home/41554,NWMLS as Distributed by MLS Grid,2353064,N,Y,47.7400029,-122.161427
PAST SALE,September-4-2025,Vacant Land,0 NE 153rd St,Woodinville,WA,98072,930000,,,Hollywood Hill,,106286,,,,,Sold,,,https://www.redfin.com/WA/Woodinville/NE-153rd-St-98072/home/179957415,NWMLS as Distributed by MLS Grid,2353933,N,Y,47.738328,-122.136574
PAST SALE,April-11-2025,Single Family Residential,19125 162nd Ave NE,Woodinville,WA,98072,2000000,4,2.5,Wellington,3402,43561,1997,,588,,Sold,,,https://www.redfin.com/WA/Woodinville/19125-162nd-Ave-NE-98072/home/271075,NWMLS as Distributed by MLS Grid,2349745,N,Y,47.7661138,-122.1240668
PAST SALE,May-8-2025,Single Family Residential,15982 176th Ave NE,Woodinville,WA,98072,1125000,4,3.0,Cottage Lake,2230,10824,1981,,504,83,Sold,,,https://www.redfin.com/WA/Woodinville/15982-176th-Ave-NE-98072/home/269865,NWMLS as Distributed by MLS Grid,2358206,N,Y,47.7427987,-122.1042968
PAST SALE,May-12-2025,Single Family Residential,17019 NE 181st Ct,Woodinville,WA,98072,1925000,4,2.5,Leota,3370,34988,1998,,571,,Sold,,,https://www.redfin.com/WA/Woodinville/17019-NE-181st-Ct-98072/home/449238,NWMLS as Distributed by MLS Grid,2359719,N,Y,47.7586173,-122.1124255
PAST SALE,May-16-2025,Single Family Residential,13005 NE 201st St,Woodinville,WA,98072,1759805,6,3.0,Woodinville,3095,6628,2025,,569,159,Sold,,,https://www.redfin.com/WA/Woodinville/13005-NE-201st-St-98072/home/193863634,NWMLS as Distributed by MLS Grid,2315989,N,Y,47.7732794,-122.1666985
PAST SALE,September-4-2025,Single Family Residential,15221 NE 153rd St,Woodinville,WA,98072,4600000,5,5.5,Hollywood Hill,5205,35135,2024,,884,250,Sold,,,https://www.redfin.com/WA/Woodinville/15221-NE-153rd-St-98072/home/22457266,NWMLS as Distributed by MLS Grid,2295627,N,Y,47.7378898,-122.1364576
PAST SALE,April-25-2025,Single Family Residential,14243 NE 188th Ct,Woodinville,WA,98072,985000,4,2.5,Woodinville,1780,2992,2003,,553,42,Sold,,,https://www.redfin.com/WA/Woodinville/14243-NE-188th-Ct-98072/home/271172,NWMLS as Distributed by MLS Grid,2343664,N,Y,47.7632942,-122.1488921
PAST SALE,April-22-2025,Single Family Residential,20049 NE 130th Ct NE,Woodinville,WA,98072,1769188,5,2.5,Woodinville,2492,6041,2025,,710,159,Sold,,,https://www.redfin.com/WA/Woodinville/20049-130th-Ct-NE-98072/home/193862883,NWMLS as Distributed by MLS Grid,2315976,N,Y,47.7744068,-122.1659939
PAST SALE,April-9-2025,Single Family Residential,14606 NE 180th Pl,Woodinville,WA,98072,1300000,3,2.5,Downtown Woodinville,2080,9135,1981,,625,,Sold,,,https://www.redfin.com/WA/Woodinville/14606-NE-180th-Pl-98072/home/271078,NWMLS as Distributed by MLS Grid,2321084,N,Y,47.7584328,-122.144616
PAST SALE,,Single Family Residential,16246 NE 143rd St,Woodinville,WA,98072,1410000,3,3.0,,2350,38775,1976,,600,,,,,https://www.redfin.com/WA/Woodinville/16246-NE-143rd-St-98072/home/448890,,,N,Y,47.7301737,-122.1209465
PAST SALE,April-30-2025,Single Family Residential,12800 NE 149th St,Woodinville,WA,98072,1425000,4,2.5,Kingsgate,2082,7560,1976,,684,39,Sold,,,https://www.redfin.com/WA/Woodinville/12800-NE-149th-St-98072/home/453550,NWMLS as Distributed by MLS Grid,2345596,N,Y,47.7361795,-122.1700471
PAST SALE,May-15-2025,Single Family Residential,13912 185th Ct NE,Woodinville,WA,98072,2330000,4,2.5,English Hill,3720,24559,1995,,626,55,Sold,,,https://www.redfin.com/WA/Woodinville/13912-185th-Ct-NE-98072/home/449938,NWMLS as Distributed by MLS Grid,2349216,N,Y,47.7249297,-122.0923386
PAST SALE,July-24-2025,Single Family Residential,17525 164th Ave NE,Woodinville,WA,98072,1025000,5,2.5,Hollywood Hill,2270,45302,1967,,452,,Sold,,,https://www.redfin.com/WA/Woodinville/17525-164th-Ave-NE-98072/home/448579,NWMLS as Distributed by MLS Grid,2401673,N,Y,47.7548792,-122.1219314
PAST SALE,August-20-2025,Single Family Residential,18156 154th Ave NE,Woodinville,WA,98072,1930000,4,4.0,Hollywood Hill,4190,36124,1987,,461,,Sold,,,https://www.redfin.com/WA/Woodinville/18156-154th-Ave-NE-98072/home/449094,NWMLS as Distributed by MLS Grid,2409391,N,Y,47.7593802,-122.134098
PAST SALE,September-10-2025,Single Family Residential,16520 NE 180th Pl,Woodinville,WA,98072,1600000,4,2.5,Leota,2840,15780,2006,,563,,Sold,,,https://www.redfin.com/WA/Woodinville/16520-NE-180th-Pl-98072/home/2079169,NWMLS as Distributed by MLS Grid,2416606,N,Y,47.7589177,-122.1189963
PAST SALE,June-4-2025,Single Family Residential,16821 172nd Pl NE,Woodinville,WA,98072,1250000,3,2.5,Hollywood Hill,2110,38950,1969,,592,,Sold,,,https://www.redfin.com/WA/Woodinville/16821-172nd-Pl-NE-98072/home/448167,NWMLS as Distributed by MLS Grid,2369711,N,Y,47.7496173,-122.1096077
PAST SALE,July-2-2025,Single Family Residential,12904 NE 201st St,Woodinville,WA,98072,1625000,4,3.0,Woodinville,2980,4077,2018,,545,100,Sold,,,https://www.redfin.com/WA/Woodinville/12904-NE-201st-St-98072/home/145708616,NWMLS as Distributed by MLS Grid,2381056,N,Y,47.7738558,-122.1688039
PAST SALE,May-30-2025,Townhouse,12731 NE 171st Ln,Woodinville,WA,98072,625000,2,2.5,Woodinville,1100,,1984,,568,345,Sold,,,https://www.redfin.com/WA/Woodinville/12731-NE-171st-Ln-98072/home/195648768,NWMLS as Distributed by MLS Grid,2371173,N,Y,47.751764,-122.170982
PAST SALE,June-4-2025,Townhouse,13270 NE 183rd St #13270,Woodinville,WA,98072,825000,3,3.0,Woodinville,1533,,1995,,538,649,Sold,,,https://www.redfin.com/WA/Woodinville/13270-NE-183rd-St-98072/unit-13270/home/60120,NWMLS as Distributed by MLS Grid,2377179,N,Y,47.760021,-122.162369
PAST SALE,August-29-2025,Single Family Residential,18311 171st Ave NE,Woodinville,WA,98072,2025000,4,2.5,Cottage Lake,3870,35200,2003,,523,,Sold,,,https://www.redfin.com/WA/Woodinville/18311-171st-Ave-NE-98072/home/448992,NWMLS as Distributed by MLS Grid,2412681,N,Y,47.760432,-122.112356
PAST SALE,August-29-2025,Single Family Residential,19418 170th Ave NE,Woodinville,WA,98072,1300000,3,2.5,Leota,2340,35035,1987,,556,,Sold,,,https://www.redfin.com/WA/Woodinville/19418-170th-Ave-NE-98072/home/271381,NWMLS as Distributed by MLS Grid,2413862,N,Y,47.7684716,-122.1131856
PAST SALE,August-29-2025,Single Family Residential,14344 NE 188th Pl,Woodinville,WA,98072,368046,4,2.5,Woodinville,1430,2006,2002,,257,46,Sold,,,https://www.redfin.com/WA/Woodinville/14344-NE-188th-Pl-98072/home/271500,NWMLS as Distributed by MLS Grid,2407141,N,Y,47.7637338,-122.1482758
PAST SALE,May-23-2025,Single Family Residential,15506 128th Ct NE,Woodinville,WA,98072,1510000,4,2.5,Norway Hill,2100,6063,1997,,719,33,Sold,,,https://www.redfin.com/WA/Woodinville/15506-128th-Ct-NE-98072/home/452754,NWMLS as Distributed by MLS Grid,2372799,N,Y,47.7405885,-122.1684382
PAST SALE,July-16-2025,Single Family Residential,15310 182nd Pl NE,Woodinville,WA,98072,1350000,3,2.5,Brook Trails Estates,2196,35112,1984,,615,35,Sold,,,https://www.redfin.com/WA/Woodinville/15310-182nd-Pl-NE-98072/home/450379,NWMLS as Distributed by MLS Grid,2380623,N,Y,47.7368402,-122.0954003
PAST SALE,April-2-2025,Vacant Land,135 XX NE 190th Pl SE,Woodinville,WA,98072,30000,,,Woodinville,,71280,,,,,Sold,,,https://www.redfin.com/WA/Woodinville/135-XX-NE-190th-Pl-98072/home/195048196,NWMLS as Distributed by MLS Grid,2342664,N,Y,47.765775,-122.159517
PAST SALE,April-28-2025,Single Family Residential,15145 153rd Ln NE,Woodinville,WA,98072,4650000,5,4.5,Hollywood Hill,4941,35134,2024,,941,250,Sold,,,https://www.redfin.com/WA/Woodinville/15145-153rd-Ln-NE-98072/home/22457267,NWMLS as Distributed by MLS Grid,2318373,N,Y,47.7378514,-122.1357473
PAST SALE,August-18-2025,Single Family Residential,12448 NE 163rd Ct,Woodinville,WA,98072,1260000,4,2.5,Woodinville,2610,6639,1991,,483,8,Sold,,,https://www.redfin.com/WA/Woodinville/12448-NE-163rd-Ct-98072/home/452770,NWMLS as Distributed by MLS Grid,2414493,N,Y,47.7459339,-122.1722506
PAST SALE,July-15-2025,Single Family Residential,14521 NE 180th St,Woodinville,WA,98072,1198000,3,2.5,Downtown Woodinville,1862,6808,1979,,643,,Sold,,,https://www.redfin.com/WA/Woodinville/14521-NE-180th-St-98072/home/271479,NWMLS as Distributed by MLS Grid,2391663,N,Y,47.7579872,-122.1463586
PAST SALE,April-11-2025,Condo/Co-op,13358 NE 144th Pl #50,Woodinville,WA,98072,1349995,4,3.5,Woodinville,2011,,2025,,671,430,Sold,,,https://www.redfin.com/WA/Woodinville/13358-NE-144th-Pl-98072/unit-50/home/194527330,NWMLS as Distributed by MLS Grid,2327917,N,Y,47.7310045,-122.1601314
PAST SALE,July-21-2025,Single Family Residential,17420 185th Ave NE,Woodinville,WA,98072,1188000,2,1.0,Cottage Lake,1140,28791,1935,,1042,,Sold,,,https://www.redfin.com/WA/Woodinville/17420-185th-Ave-NE-98072/home/269884,NWMLS as Distributed by MLS Grid,2385733,N,Y,47.754209,-122.0910271
PAST SALE,July-9-2025,Condo/Co-op,12727 NE 171 Ln,Woodinville,WA,98072,630000,2,2.5,Woodinville,1100,,1984,,573,345,Sold,,,https://www.redfin.com/WA/Woodinville/12727-NE-171st-Ln-98072/home/179720799,NWMLS as Distributed by MLS Grid,2381530,N,Y,47.7518817,-122.1708225
PAST SALE,April-4-2025,Single Family Residential,13205 NE 193rd Pl,Woodinville,WA,98072,1175000,3,2.0,Woodinville,1310,9962,1968,,897,,Sold,,,https://www.redfin.com/WA/Woodinville/13205-NE-193rd-Pl-98072/home/287465,NWMLS as Distributed by MLS Grid,2341975,N,Y,47.7672387,-122.1635528
PAST SALE,May-13-2025,Single Family Residential,23313 81st Ave SE,Woodinville,WA,98072,2000000,4,3.5,Wellington,3430,60548,1992,,583,17,Sold,,,https://www.redfin.com/WA/Woodinville/23313-81st-Ave-SE-98072/home/2827799,NWMLS as Distributed by MLS Grid,2342961,N,Y,47.7854123,-122.1244063
PAST SALE,April-29-2025,Single Family Residential,19420 160th Ave NE,Woodinville,WA,98072,2100000,4,2.5,Wellington,3110,40576,2000,,675,,Sold,,,https://www.redfin.com/WA/Woodinville/19420-160th-Ave-NE-98072/home/271256,NWMLS as Distributed by MLS Grid,2353915,N,Y,47.7681278,-122.1257408
PAST SALE,May-22-2025,Single Family Residential,20073 NE 130th Ct NE,Woodinville,WA,98072,1910154,5,3.0,Woodinville,3245,6004,2025,,589,159,Sold,,,https://www.redfin.com/WA/Woodinville/20073-130th-Ct-NE-98072/home/194105711,NWMLS as Distributed by MLS Grid,2319406,N,Y,47.7744068,-122.1659939
PAST SALE,June-12-2025,Single Family Residential,16627 126th Ave NE,Woodinville,WA,98072,1058000,4,2.5,Woodinville,1990,6174,1985,,532,,Sold,,,https://www.redfin.com/WA/Woodinville/16627-126th-Ave-NE-98072/home/452918,NWMLS as Distributed by MLS Grid,2370632,N,Y,47.7486183,-122.1725307
PAST SALE,July-7-2025,Single Family Residential,17555 164th Ave NE,Woodinville,WA,98072,1389000,3,3.0,Hollywood Hill,2400,32800,1964,,579,,Sold,,,https://www.redfin.com/WA/Woodinville/17555-164th-Ave-NE-98072/home/449331,NWMLS as Distributed by MLS Grid,2387861,N,Y,47.7558023,-122.1217064
PAST SALE,August-18-2025,Single Family Residential,18447 146th Ave NE,Woodinville,WA,98072,1228000,4,3.5,Woodinville,1950,18197,1986,,630,,Sold,,,https://www.redfin.com/WA/Woodinville/18447-146th-Ave-NE-98072/home/271247,NWMLS as Distributed by MLS Grid,2408287,N,Y,47.7631062,-122.1437011
PAST SALE,September-10-2025,Single Family Residential,14715 NE 169th St,Woodinville,WA,98072,1200000,3,3.0,Hollywood Hill,2450,24000,1975,,490,17,Sold,,,https://www.redfin.com/WA/Woodinville/14715-NE-169th-St-98072/home/448385,NWMLS as Distributed by MLS Grid,2413177,N,Y,47.7499884,-122.142887
PAST SALE,July-17-2025,Single Family Residential,13077 NE 186th St,Woodinville,WA,98072,1595000,3,2.5,Woodinville,3250,7124,2005,,491,21,Sold,,,https://www.redfin.com/WA/Woodinville/13077-NE-186th-St-98072/home/2087535,NWMLS as Distributed by MLS Grid,2394895,N,Y,47.7625355,-122.1652159
PAST SALE,September-19-2025,Townhouse,14350 148th Pl NE,Woodinville,WA,98072,1749990,4,3.5,Hollywood Hill,2361,,2025,,741,347,Sold,,,https://www.redfin.com/WA/Woodinville/14350-148th-Pl-NE-98072/home/195832697,NWMLS as Distributed by MLS Grid,2415811,N,Y,47.7304111,-122.1421623
PAST SALE,June-4-2025,Single Family Residential,13426 NE 190th Pl,Woodinville,WA,98072,900000,3,2.0,Woodinville,1580,9667,1976,,570,,Sold,,,https://www.redfin.com/WA/Woodinville/13426-NE-190th-Pl-98072/home/287870,NWMLS as Distributed by MLS Grid,2376598,N,Y,47.7663274,-122.1604515
PAST SALE,September-17-2025,Single Family Residential,23330 75th Ave SE,Woodinville,WA,98072,1230000,3,2.5,Woodinville,2247,30492,1984,,547,,Sold,,,https://www.redfin.com/WA/Woodinville/23330-75th-Ave-SE-98072/home/2636140,NWMLS as Distributed by MLS Grid,2420048,N,Y,47.7850632,-122.1333492
PAST SALE,September-2-2025,Single Family Residential,15371 129th Ave NE,Woodinville,WA,98072,1449950,3,2.5,Woodinville,2370,5693,2005,,612,33,Sold,,,https://www.redfin.com/WA/Woodinville/15371-129th-Ave-NE-98072/home/2070625,NWMLS as Distributed by MLS Grid,2391756,N,Y,47.7390748,-122.1674777
PAST SALE,June-11-2025,Single Family Residential,17859 149th Ave NE,Woodinville,WA,98072,1250000,3,2.5,Woodinville,2180,8416,1987,,573,,Sold,,,https://www.redfin.com/WA/Woodinville/17859-149th-Ave-NE-98072/home/271307,NWMLS as Distributed by MLS Grid,2373269,N,Y,47.7579398,-122.1403708
PAST SALE,September-10-2025,Single Family Residential,13545 NE 203rd Ct,Woodinville,WA,98072,1900000,6,4.0,Woodinville,4240,7732,2018,,448,181,Sold,,,https://www.redfin.com/WA/Woodinville/13545-NE-203rd-Ct-98072/home/145530552,NWMLS as Distributed by MLS Grid,2416844,N,Y,47.7754215,-122.1598258
PAST SALE,May-9-2025,Condo/Co-op,14007 NE 181st St Unit F301,Woodinville,WA,98072,525000,3,2.0,Downtown Woodinville,1077,,1991,,487,595,Sold,,,https://www.redfin.com/WA/Woodinville/14007-NE-181st-St-98072/unit-F301/home/64204,NWMLS as Distributed by MLS Grid,2362891,N,Y,47.7582886,-122.1525234
PAST SALE,June-20-2025,Single Family Residential,17098 142nd Pl NE,Woodinville,WA,98072,900000,3,1.5,Woodinville,1300,10160,1969,,692,,Sold,,,https://www.redfin.com/WA/Woodinville/17098-142nd-Pl-NE-98072/home/448122,NWMLS as Distributed by MLS Grid,2378080,N,Y,47.7514222,-122.1491167
PAST SALE,July-8-2025,Single Family Residential,19109 173rd Ave NE,Woodinville,WA,98072,2450000,4,3.0,Leota,3760,80648,2002,,652,,Sold,,,https://www.redfin.com/WA/Woodinville/19109-173rd-Ave-NE-98072/home/271194,NWMLS as Distributed by MLS Grid,2387661,N,Y,47.7657733,-122.1089309
PAST SALE,April-30-2025,Single Family Residential,14715 149th Ave NE,Woodinville,WA,98072,1492000,4,3.0,Hollywood Hill,2780,36425,1978,,537,30,Sold,,,https://www.redfin.com/WA/Woodinville/14715-149th-Ave-NE-98072/home/449366,NWMLS as Distributed by MLS Grid,2341441,N,Y,47.7355608,-122.1411725
PAST SALE,June-13-2025,Single Family Residential,12721 NE 150th St,Woodinville,WA,98072,2325000,5,3.0,Woodinville,3790,7501,2017,,613,100,Sold,,,https://www.redfin.com/WA/Woodinville/12721-NE-150th-St-98072/home/143458215,NWMLS as Distributed by MLS Grid,2373311,N,Y,47.7368336,-122.1700857
PAST SALE,May-22-2025,Single Family Residential,16630 NE 143rd St,Woodinville,WA,98072,1915000,4,2.5,Hollywood Hill,2938,43066,1987,,652,,Sold,,,https://www.redfin.com/WA/Woodinville/16630-NE-143rd-St-98072/home/448092,NWMLS as Distributed by MLS Grid,2368633,N,Y,47.729467,-122.1168648
PAST SALE,April-25-2025,Single Family Residential,13456 NE 148th St,Woodinville,WA,98072,1155000,3,2.5,Tolt Pipeline,1880,3496,1994,,614,260,Sold,,,https://www.redfin.com/WA/Woodinville/13456-NE-148th-St-98072/home/453791,NWMLS as Distributed by MLS Grid,2343137,N,Y,47.7358968,-122.1580685
PAST SALE,April-23-2025,Single Family Residential,14724 NE 177th St NE,Woodinville,WA,98072,1312000,4,3.0,Downtown Woodinville,2650,8820,1980,,495,,Sold,,,https://www.redfin.com/WA/Woodinville/14724-NE-177th-St-98072/home/271395,NWMLS as Distributed by MLS Grid,2342239,N,Y,47.7560802,-122.1428661
PAST SALE,June-11-2025,Single Family Residential,13629 NE 146th Ln,Woodinville,WA,98072,1315000,4,3.0,West Woodinville,3080,3710,1993,,427,260,Sold,,,https://www.redfin.com/WA/Woodinville/13629-NE-146th-Ln-98072/home/454002,NWMLS as Distributed by MLS Grid,2375533,N,Y,47.7339245,-122.1562206
PAST SALE,August-8-2025,Single Family Residential,15710 158th Ave NE,Woodinville,WA,98072,1460000,4,2.5,Hollywood Hill,2280,40870,1969,,640,,Sold,,,https://www.redfin.com/WA/Woodinville/15710-158th-Ave-NE-98072/home/448687,NWMLS as Distributed by MLS Grid,2412512,N,Y,47.7420847,-122.1279879
PAST SALE,July-24-2025,Single Family Residential,12907 NE 203rd Ct,Woodinville,WA,98072,967000,3,2.0,Woodinville,1520,6512,1995,,636,,Sold,,,https://www.redfin.com/WA/Woodinville/12907-NE-203rd-Ct-98072/home/288045,NWMLS as Distributed by MLS Grid,2393951,N,Y,47.7741145,-122.1682474
PAST SALE,June-30-2025,Condo/Co-op,13340 NE 144th Pl #47,Woodinville,WA,98072,1024995,3,3.5,Woodinville,1705,1,2025,,601,430,Sold,,,https://www.redfin.com/WA/Woodinville/13340-NE-144th-Pl-98072/unit-47/home/194733200,NWMLS as Distributed by MLS Grid,2375339,N,Y,47.7309578,-122.1604075
PAST SALE,July-25-2025,Single Family Residential,18404 148th Ave NE,Woodinville,WA,98072,1616500,4,2.5,Woodinville,2900,13805,1997,,557,,Sold,,,https://www.redfin.com/WA/Woodinville/18404-148th-Ave-NE-98072/home/449305,NWMLS as Distributed by MLS Grid,2394828,N,Y,47.7615263,-122.1419659
PAST SALE,July-18-2025,Single Family Residential,15317 179th Ave NE,Woodinville,WA,98072,1769000,4,2.5,Woodinville,2930,35000,1988,,604,,Sold,,,https://www.redfin.com/WA/Woodinville/15317-179th-Ave-NE-98072/home/450051,NWMLS as Distributed by MLS Grid,2390163,N,Y,47.7373413,-122.1012838
PAST SALE,May-30-2025,Single Family Residential,17540 164th Ave NE,Woodinville,WA,98072,1350000,3,3.0,Hollywood Hill,2210,53600,1977,,611,,Sold,,,https://www.redfin.com/WA/Woodinville/17540-164th-Ave-NE-98072/home/447896,NWMLS as Distributed by MLS Grid,2362226,N,Y,47.7554104,-122.1203706
PAST SALE,July-17-2025,Single Family Residential,6114 218th St SE,Woodinville,WA,98072,1030000,2,1.5,Maltby,1147,121968,1974,,898,,Sold,,,https://www.redfin.com/WA/Woodinville/6114-218th-St-SE-98072/home/2594982,NWMLS as Distributed by MLS Grid,2394352,N,Y,47.7992782,-122.1508513
PAST SALE,April-11-2025,Single Family Residential,19410 132nd Pl NE,Woodinville,WA,98072,1783250,4,2.5,Woodinville,3050,6854,2006,,585,29,Sold,,,https://www.redfin.com/WA/Woodinville/19410-132nd-Pl-NE-98072/home/2115645,NWMLS as Distributed by MLS Grid,2342934,N,Y,47.7683514,-122.1626197
PAST SALE,,Condo/Co-op,15505 132nd Pl NE Unit 3C,Woodinville,WA,98072,690000,2,2.5,,1308,,1998,,528,,,,,https://www.redfin.com/WA/Woodinville/15505-132nd-Pl-NE-98072/unit-3C/home/21830,,,N,Y,47.7395924,-122.1633264
PAST SALE,August-15-2025,Single Family Residential,16910 172nd Pl NE,Woodinville,WA,98072,750000,4,1.5,Hollywood Hill,1640,17600,1970,,457,,Sold,,,https://www.redfin.com/WA/Woodinville/16910-172nd-Pl-NE-98072/home/448140,NWMLS as Distributed by MLS Grid,2408159,N,Y,47.7503791,-122.1086512
PAST SALE,June-5-2025,Single Family Residential,20070 130th Ct NE,Woodinville,WA,98072,1692781,5,3.5,Woodinville,3206,6468,2025,,528,159,Sold,,,https://www.redfin.com/WA/Woodinville/20070-130th-Ct-NE-98072/home/193513734,NWMLS as Distributed by MLS Grid,2310255,N,Y,47.7744001,-122.1659949
PAST SALE,June-30-2025,Single Family Residential,19319 160th Ave NE,Woodinville,WA,98072,3250000,4,3.5,Wellington,5210,37424,2004,,624,,Sold,,,https://www.redfin.com/WA/Woodinville/19319-160th-Ave-NE-98072/home/2096532,NWMLS as Distributed by MLS Grid,2387404,N,Y,47.7672657,-122.1267244
PAST SALE,May-8-2025,Single Family Residential,12523 NE 154th St,Woodinville,WA,98072,1100000,4,3.0,Woodinville,2180,7350,1976,,505,,Sold,,,https://www.redfin.com/WA/Woodinville/12523-NE-154th-St-98072/home/456410,NWMLS as Distributed by MLS Grid,2354057,N,Y,47.7395324,-122.1720852
PAST SALE,April-9-2025,Single Family Residential,21510 78th Ave SE,Woodinville,WA,98072,945000,3,2.5,Maltby,1755,69696,1980,,538,,Sold,,,https://www.redfin.com/WA/Woodinville/21510-78th-Ave-SE-98072/home/2788878,NWMLS as Distributed by MLS Grid,2345594,N,Y,47.8020227,-122.1285951
PAST SALE,April-10-2025,Single Family Residential,15218 NE 198th St,Woodinville,WA,98072,1520000,3,2.5,Wellington,2270,43533,1986,,670,,Sold,,,https://www.redfin.com/WA/Woodinville/15218-NE-198th-St-98072/home/270834,NWMLS as Distributed by MLS Grid,2327146,N,Y,47.7719685,-122.1360256
PAST SALE,August-25-2025,Condo/Co-op,14200 NE 171st St Unit A108,Woodinville,WA,98072,360000,2,1.0,Downtown Woodinville,761,,1983,,473,650,Sold,,,https://www.redfin.com/WA/Woodinville/14200-NE-171st-St-98072/unit-A108/home/26369,NWMLS as Distributed by MLS Grid,2390649,N,Y,47.75201,-122.149627
PAST SALE,April-29-2025,Single Family Residential,20079 130th Ct NE,Woodinville,WA,98072,1906125,6,3.0,Woodinville,3375,6822,2025,,565,159,Sold,,,https://www.redfin.com/WA/Woodinville/20079-130th-Ct-NE-98072/home/193767335,NWMLS as Distributed by MLS Grid,2314405,N,Y,47.7744068,-122.1659942
PAST SALE,April-30-2025,Single Family Residential,20060 130th Ct NE,Woodinville,WA,98072,1909424,6,4.0,Woodinville,3482,6140,2025,,548,159,Sold,,,https://www.redfin.com/WA/Woodinville/20060-130th-Ct-NE-98072/home/193767389,NWMLS as Distributed by MLS Grid,2314426,N,Y,47.7744068,-122.1659942
PAST SALE,May-21-2025,Single Family Residential,20067 130th Ct NE,Woodinville,WA,98072,2096930,6,3.0,Woodinville,3375,6101,2025,,621,159,Sold,,,https://www.redfin.com/WA/Woodinville/20067-130th-Ct-NE-98072/home/194140621,NWMLS as Distributed by MLS Grid,2320404,N,Y,47.77297192461187,-122.16577932327881
PAST SALE,April-25-2025,Single Family Residential,20009 131st Pl NE,Woodinville,WA,98072,960000,3,2.5,Woodinville,1480,3487,1998,,649,,Sold,,,https://www.redfin.com/WA/Woodinville/20009-131st-Pl-NE-98072/home/287523,NWMLS as Distributed by MLS Grid,2345102,N,Y,47.7723291,-122.1641507
PAST SALE,April-4-2025,Single Family Residential,14030 171st Ln NE,Woodinville,WA,98072,2675000,4,4.0,Hollywood Hill,3940,53578,1989,,679,33,Sold,,,https://www.redfin.com/WA/Woodinville/14030-171st-Ln-NE-98072/home/449352,NWMLS as Distributed by MLS Grid,2335650,N,Y,47.7265553,-122.1108235
PAST SALE,June-23-2025,Single Family Residential,18611 136th Ave NE,Woodinville,WA,98072,1725000,5,3.0,Woodinville,3685,7314,2015,,468,,Sold,,,https://www.redfin.com/WA/Woodinville/18611-136th-Ave-NE-98072/home/106723877,NWMLS as Distributed by MLS Grid,2373976,N,Y,47.7633671,-122.1596384
PAST SALE,June-3-2025,Single Family Residential,20055 130th Ct NE,Woodinville,WA,98072,1806075,5,3.0,Woodinville,2681,6013,2025,,674,159,Sold,,,https://www.redfin.com/WA/Woodinville/20055-130th-Ct-NE-98072/home/194502640,NWMLS as Distributed by MLS Grid,2326990,N,Y,47.7744068,-122.1659939
PAST SALE,June-27-2025,Single Family Residential,13045 NE 201st St,Woodinville,WA,98072,1962391,6,3.0,Woodinville,3095,6267,2025,,634,159,Sold,,,https://www.redfin.com/WA/Woodinville/13045-NE-201st-St-98072/home/196629856,NWMLS as Distributed by MLS Grid,2329483,N,Y,47.7731279,-122.1658619
PAST SALE,June-20-2025,Single Family Residential,17050 142nd Pl NE,Woodinville,WA,98072,880000,3,2.0,Woodinville,1150,11328,1969,,765,,Sold,,,https://www.redfin.com/WA/Woodinville/17050-142nd-Pl-NE-98072/home/449019,NWMLS as Distributed by MLS Grid,2384693,N,Y,47.7498291,-122.1492857
PAST SALE,May-22-2025,Townhouse,15519 134 Pl NE,Woodinville,WA,98072,830000,3,2.5,West Woodinville,1607,,1998,,516,702,Sold,,,https://www.redfin.com/WA/Woodinville/15519-134th-Pl-NE-98072/home/195333895,NWMLS as Distributed by MLS Grid,2358485,N,Y,47.7398974,-122.161707
PAST SALE,July-10-2025,Single Family Residential,20249 149th Pl NE,Woodinville,WA,98072,1000000,4,2.0,Wellington,3360,80021,1968,,298,,Sold,,,https://www.redfin.com/WA/Woodinville/20249-149th-Pl-NE-98072/home/270677,NWMLS as Distributed by MLS Grid,2377803,N,Y,47.7753147,-122.141194
PAST SALE,April-30-2025,Condo/Co-op,14200 NE 171st St Unit H101,Woodinville,WA,98072,375000,2,1.0,Downtown Woodinville,826,285185,1983,,454,700,Sold,,,https://www.redfin.com/WA/Woodinville/14200-NE-171st-St-98072/unit-H101/home/49499,NWMLS as Distributed by MLS Grid,2335805,N,Y,47.7524938,-122.1493909
PAST SALE,September-22-2025,Single Family Residential,15708 NE 164th St,Woodinville,WA,98072,1250000,4,3.0,Hollywood Hill,2330,64471,1974,,536,,Sold,,,https://www.redfin.com/WA/Woodinville/15708-NE-164th-St-98072/home/448152,NWMLS as Distributed by MLS Grid,2421350,N,Y,47.7467308,-122.1294318
PAST SALE,August-12-2025,Single Family Residential,13321 Avondale Rd NE,Woodinville,WA,98072,1600000,4,2.5,Avondale,3300,27120,2018,,485,,Sold,,,https://www.redfin.com/WA/Woodinville/13321-Avondale-Rd-NE-98072/home/22510186,NWMLS as Distributed by MLS Grid,2404401,N,Y,47.7191621,-122.0882072
PAST SALE,June-18-2025,Single Family Residential,20061 130th Ct NE,Woodinville,WA,98072,1761392,5,3.0,Woodinville,2485,6211,2025,,709,159,Sold,,,https://www.redfin.com/WA/Woodinville/20061-130th-Ct-NE-98072/home/194600711,NWMLS as Distributed by MLS Grid,2329480,N,Y,47.7744068,-122.1659939
PAST SALE,September-26-2025,Single Family Residential,15232 NE 195th St,Woodinville,WA,98072,3115000,5,4.0,Woodinville,4624,64469,2025,,674,,Sold,,,https://www.redfin.com/WA/Woodinville/15232-NE-195th-St-98072/home/197658829,NWMLS as Distributed by MLS Grid,2428596,N,Y,47.768841,-122.1354563
PAST SALE,June-6-2025,Single Family Residential,13222 NE 193rd Pl,Woodinville,WA,98072,1100000,3,1.5,Woodinville,1280,9630,1968,,859,,Sold,,,https://www.redfin.com/WA/Woodinville/13222-NE-193rd-Pl-98072/home/287889,NWMLS as Distributed by MLS Grid,2367168,N,Y,47.767716,-122.1628989
PAST SALE,September-5-2025,Mobile/Manufactured Home,20322 Little Bear Creek Rd,Woodinville,WA,98072,687000,3,2.0,Maltby,1512,23087,1995,,454,,Sold,,,https://www.redfin.com/WA/Woodinville/20322-Little-Bear-Creek-Rd-98072/home/2572127,NWMLS as Distributed by MLS Grid,2421054,N,Y,47.812616,-122.1626799
PAST SALE,June-12-2025,Single Family Residential,20050 130th Ct NE,Woodinville,WA,98072,1891314,6,4.0,Woodinville,3482,6139,2025,,543,159,Sold,,,https://www.redfin.com/WA/Woodinville/20050-130th-Ct-NE-98072/home/194285097,NWMLS as Distributed by MLS Grid,2322883,N,Y,47.7744068,-122.1659939
PAST SALE,May-14-2025,Townhouse,14311 149th Place NE (Homesite 38),Woodinville,WA,98072,1647990,4,3.5,Hollywood Hill,2579,1,2025,,639,347,Sold,,,https://www.redfin.com/WA/Woodinville/14311-149th-Pl-NE-98072/home/195333626,NWMLS as Distributed by MLS Grid,2358424,N,Y,47.729403,-122.141122
PAST SALE,June-6-2025,Single Family Residential,21418 52nd Ave SE,Woodinville,WA,98072,1200000,3,3.0,North Creek,2420,29621,1984,,496,,Sold,,,https://www.redfin.com/WA/Woodinville/21418-52nd-Ave-SE-98072/home/2799230,NWMLS as Distributed by MLS Grid,2366613,N,Y,47.8029419,-122.163372
PAST SALE,May-15-2025,Single Family Residential,14337 178th Ln NE,Woodinville,WA,98072,2800000,4,2.5,English Hill,3390,66961,1991,,826,,Sold,,,https://www.redfin.com/WA/Woodinville/14337-178th-Ln-NE-98072/home/450939,NWMLS as Distributed by MLS Grid,2358690,N,Y,47.7320292,-122.1006292
PAST SALE,June-13-2025,Single Family Residential,13030 NE 196th Pl,Woodinville,WA,98072,1350000,3,2.5,Woodinville,1990,7397,1993,,678,,Sold,,,https://www.redfin.com/WA/Woodinville/13030-NE-196th-Pl-98072/home/287919,NWMLS as Distributed by MLS Grid,2371545,N,Y,47.7702744,-122.1646231
PAST SALE,June-5-2025,Single Family Residential,15310 NE 166th Ln,Woodinville,WA,98072,2725000,3,3.0,Hollywood Hill,3660,172933,1979,,745,,Sold,,,https://www.redfin.com/WA/Woodinville/15310-NE-166th-Ln-98072/home/449013,NWMLS as Distributed by MLS Grid,2371727,N,Y,47.7485854,-122.1355134
PAST SALE,May-22-2025,Single Family Residential,12910 NE 201st Way,Woodinville,WA,98072,1349000,4,2.5,Woodinville,2170,4100,2002,,622,27,Sold,,,https://www.redfin.com/WA/Woodinville/12910-NE-201st-Way-98072/home/287563,NWMLS as Distributed by MLS Grid,2352726,N,Y,47.7731328,-122.1691025
PAST SALE,September-3-2025,Single Family Residential,16113 161st Ave NE,Woodinville,WA,98072,1200000,3,3.0,Hollywood Hill,2810,45738,1973,,427,,Sold,,,https://www.redfin.com/WA/Woodinville/16113-161st-Ave-NE-98072/home/448269,NWMLS as Distributed by MLS Grid,2405319,N,Y,47.7453638,-122.1249459
PAST SALE,June-5-2025,Single Family Residential,16030 161st Ave NE,Woodinville,WA,98072,2250000,4,2.5,Hollywood Hill,3240,37026,1996,,694,,Sold,,,https://www.redfin.com/WA/Woodinville/16030-161st-Ave-NE-98072/home/448271,NWMLS as Distributed by MLS Grid,2354258,N,Y,47.7444683,-122.1240946
PAST SALE,July-25-2025,Single Family Residential,15841 NE 162nd St,Woodinville,WA,98072,1675000,4,3.5,Hollywood Hill,3590,38523,1984,,467,,Sold,,,https://www.redfin.com/WA/Woodinville/15841-NE-162nd-St-98072/home/448784,NWMLS as Distributed by MLS Grid,2388545,N,Y,47.7448187,-122.1268232
PAST SALE,May-12-2025,Single Family Residential,15328 128th Ave NE,Woodinville,WA,98072,1740000,5,3.5,West Woodinville,3296,6175,2005,,528,33,Sold,,,https://www.redfin.com/WA/Woodinville/15328-128th-Ave-NE-98072/home/2072568,NWMLS as Distributed by MLS Grid,2354270,N,Y,47.7392105,-122.1686873
PAST SALE,July-18-2025,Condo/Co-op,17201 127th Pl NE #101,Woodinville,WA,98072,487000,1,1.5,Woodinville,789,,1997,,617,202,Sold,,,https://www.redfin.com/WA/Woodinville/17201-127th-Pl-NE-98072/unit-101/home/50416,NWMLS as Distributed by MLS Grid,2391662,N,Y,47.7525938,-122.1707573
PAST SALE,September-26-2025,Single Family Residential,15316 164th Ave NE,Woodinville,WA,98077,2300000,4,2.5,Hollywood Hill,2770,71002,1979,,830,,Sold,,,https://www.redfin.com/WA/Woodinville/15316-164th-Ave-NE-98072/home/191516044,NWMLS as Distributed by MLS Grid,2420270,N,Y,47.738779,-122.120078
PAST SALE,August-12-2025,Single Family Residential,12712 NE 157th St,Woodinville,WA,98072,1030000,3,2.0,Sw Woodinville,1580,8927,1969,,652,,Sold,,,https://www.redfin.com/WA/Woodinville/12712-NE-157th-St-98072/home/453353,NWMLS as Distributed by MLS Grid,2402871,N,Y,47.7412807,-122.1695006
PAST SALE,September-24-2025,Single Family Residential,8127 229th Pl SE,Woodinville,WA,98072,1905000,4,4.0,Woodinville,3526,92347,1994,,540,17,Sold,,,https://www.redfin.com/WA/Woodinville/8127-229th-Pl-SE-98072/home/2827816,NWMLS as Distributed by MLS Grid,2419887,N,Y,47.788864,-122.1243627
PAST SALE,July-18-2025,Single Family Residential,14536 NE 184th Pl,Woodinville,WA,98072,820000,3,2.0,Woodinville,1290,13629,1983,,636,,Sold,,,https://www.redfin.com/WA/Woodinville/14536-NE-184th-Pl-98072/home/271592,NWMLS as Distributed by MLS Grid,2395512,N,Y,47.7614412,-122.1449665
PAST SALE,July-17-2025,Single Family Residential,17408 NE 160th Pl,Woodinville,WA,98072,900000,3,2.5,Cottage Lake,1690,32385,1972,,533,,Sold,,,https://www.redfin.com/WA/Woodinville/17408-NE-160th-Pl-98072/home/269981,NWMLS as Distributed by MLS Grid,2390418,N,Y,47.7444117,-122.1070118
PAST SALE,September-11-2025,Single Family Residential,19006 NE 167th St,Woodinville,WA,98072,1250000,4,2.0,Cottage Lake,2225,9798,1969,,562,17,Sold,,,https://www.redfin.com/WA/Woodinville/19006-NE-167th-St-98072/home/269770,NWMLS as Distributed by MLS Grid,2414501,N,Y,47.7497127,-122.0842385
PAST SALE,September-17-2025,Single Family Residential,14707 NE 177th St,Woodinville,WA,98072,1115000,5,3.0,Downtown Woodinville,2230,8750,1979,,500,,Sold,,,https://www.redfin.com/WA/Woodinville/14707-NE-177th-St-98072/home/270730,NWMLS as Distributed by MLS Grid,2414534,N,Y,47.7556461,-122.1436993
PAST SALE,June-18-2025,Single Family Residential,14918 NE 204th St,Woodinville,WA,98072,1595000,3,3.5,Wellington,2590,21957,1968,,616,,Sold,,,https://www.redfin.com/WA/Woodinville/14918-NE-204th-St-98072/home/271547,NWMLS as Distributed by MLS Grid,2346669,N,Y,47.7757643,-122.1400695
PAST SALE,May-16-2025,Single Family Residential,12641 NE 154th St,Woodinville,WA,98072,940000,3,2.0,Woodinville,1840,7980,1976,,511,,Sold,,,https://www.redfin.com/WA/Woodinville/12641-NE-154th-St-98072/home/453303,NWMLS as Distributed by MLS Grid,2355062,N,Y,47.7395284,-122.1701444
PAST SALE,May-15-2025,Single Family Residential,14514 NE 178th St,Woodinville,WA,98072,1299500,5,3.0,Downtown Woodinville,2760,7200,1979,,471,,Sold,,,https://www.redfin.com/WA/Woodinville/14514-NE-178th-St-98072/home/271279,NWMLS as Distributed by MLS Grid,2349075,N,Y,47.7562838,-122.146689
PAST SALE,May-8-2025,Single Family Residential,14835 NE 202nd St,Woodinville,WA,98072,1355000,4,2.5,Wellington,2350,19927,1968,,577,,Sold,,,https://www.redfin.com/WA/Woodinville/14835-NE-202nd-St-98072/home/271208,NWMLS as Distributed by MLS Grid,2349721,N,Y,47.7736418,-122.1407976
PAST SALE,August-29-2025,Single Family Residential,19515 170th Ave NE,Woodinville,WA,98072,724950,3,1.0,Leota,960,15094,1967,,755,,Sold,,,https://www.redfin.com/WA/Woodinville/19515-170th-Ave-NE-98072/home/270799,NWMLS as Distributed by MLS Grid,2400671,N,Y,47.7693168,-122.1132995
PAST SALE,September-11-2025,Single Family Residential,15308 NE 153rd St,Woodinville,WA,98072,4750000,5,5.5,Hollywood Hill,5180,45804,2025,,917,250,Sold,,,https://www.redfin.com/WA/Woodinville/15308-NE-153rd-St-98072/home/22457272,NWMLS as Distributed by MLS Grid,2326126,N,Y,47.7383118,-122.1350977
PAST SALE,July-7-2025,Condo/Co-op,13266 NE 143rd Ct #34,Woodinville,WA,98072,1099995,3,3.5,Woodinville,1705,1,2025,,645,430,Sold,,,https://www.redfin.com/WA/Woodinville/13266-NE-143rd-Ct-98072/unit-34/home/195783509,NWMLS as Distributed by MLS Grid,2374580,N,Y,47.7305605,-122.1620326
PAST SALE,June-5-2025,Single Family Residential,20004 134th Ct NE,Woodinville,WA,98072,1635000,5,3.5,Woodinville,3700,5001,2007,,442,38,Sold,,,https://www.redfin.com/WA/Woodinville/20004-134th-Ct-NE-98072/home/12317743,NWMLS as Distributed by MLS Grid,2346425,N,Y,47.773055,-122.1623499
PAST SALE,August-6-2025,Single Family Residential,14628 138th Way NE,Woodinville,WA,98072,1038800,3,2.0,West Woodinville,1530,3710,1994,,679,260,Sold,,,https://www.redfin.com/WA/Woodinville/14628-138th-Way-NE-98072/home/452988,NWMLS as Distributed by MLS Grid,2381199,N,Y,47.7341634,-122.155704
PAST SALE,August-1-2025,Single Family Residential,15340 185th Ave NE,Woodinville,WA,98072,1280000,4,2.5,Cottage Lake,2440,35072,1984,,525,35,Sold,,,https://www.redfin.com/WA/Woodinville/15340-185th-Ave-NE-98072/home/449887,NWMLS as Distributed by MLS Grid,2396331,N,Y,47.7396215,-122.090592
PAST SALE,May-27-2025,Condo/Co-op,13316 NE 144th Pl #43,Woodinville,WA,98072,1024995,3,3.5,Woodinville,1705,1,2025,,601,430,Sold,,,https://www.redfin.com/WA/Woodinville/13316-NE-144th-Pl-98072/unit-43/home/194217106,NWMLS as Distributed by MLS Grid,2362088,N,Y,47.7309049,-122.1607729
PAST SALE,July-24-2025,Single Family Residential,18334 NE 146th Way,Woodinville,WA,98072,2050000,4,2.5,Brook Trails Estates,2850,38870,1986,,719,35,Sold,,,https://www.redfin.com/WA/Woodinville/18334-NE-146th-Way-98072/home/451598,NWMLS as Distributed by MLS Grid,2390225,N,Y,47.7358075,-122.0926055
PAST SALE,May-12-2025,Single Family Residential,16726 NE 137th St,Woodinville,WA,98072,1250000,3,2.5,Hollywood Hill,2770,28534,1985,,451,,Sold,,,https://www.redfin.com/WA/Woodinville/16726-NE-137th-St-98072/home/448080,NWMLS as Distributed by MLS Grid,2352364,N,Y,47.7225377,-122.1183175
PAST SALE,July-23-2025,Single Family Residential,18821 NE 153rd St,Woodinville,WA,98072,1769800,4,3.5,Brookside,3420,38180,1984,,517,220,Sold,,,https://www.redfin.com/WA/Woodinville/18821-NE-153rd-St-98072/home/451267,NWMLS as Distributed by MLS Grid,2390510,N,Y,47.7381848,-122.0874209
PAST SALE,June-2-2025,Condo/Co-op,14124 NE 181st Pl Unit H105,Woodinville,WA,98072,525000,3,2.0,Downtown Woodinville,1011,,1986,,519,694,Sold,,,https://www.redfin.com/WA/Woodinville/14124-NE-181st-Pl-98072/unit-H105/home/2070549,NWMLS as Distributed by MLS Grid,2352529,N,Y,47.7597879,-122.1502772
PAST SALE,August-29-2025,Single Family Residential,17719 NE 160th Pl,Woodinville,WA,98072,1500000,4,3.0,Cottage Lake,2836,19465,2017,,529,,Sold,,,https://www.redfin.com/WA/Woodinville/17719-NE-160th-Pl-98072/home/22563416,NWMLS as Distributed by MLS Grid,2401580,N,Y,47.7435481,-122.1023423
PAST SALE,May-21-2025,Single Family Residential,15817 182nd Ave NE,Woodinville,WA,98072,850000,3,2.0,Cottage Lake,1470,15903,1977,,578,,Sold,,,https://www.redfin.com/WA/Woodinville/15817-182nd-Ave-NE-98072/home/270468,NWMLS as Distributed by MLS Grid,2354577,N,Y,47.742001,-122.097445
PAST SALE,July-11-2025,Condo/Co-op,13214 NE 143rd Ct #21,Woodinville,WA,98072,1249995,4,3.5,Woodinville,2011,,2025,,622,430,Sold,,,https://www.redfin.com/WA/Woodinville/13214-NE-143rd-Ct-98072/unit-21/home/195265852,NWMLS as Distributed by MLS Grid,2379015,N,Y,47.7307644,-122.1632237
PAST SALE,August-7-2025,Single Family Residential,15418 NE 153rd St,Woodinville,WA,98072,4010000,5,4.5,Hollywood Hill,4691,45840,2025,,855,250,Sold,,,https://www.redfin.com/WA/Woodinville/15418-NE-153rd-St-98072/home/22448001,NWMLS as Distributed by MLS Grid,2387684,N,Y,47.7383919,-122.1330622
PAST SALE,May-7-2025,Single Family Residential,4721 244th St SE,Woodinville,WA,98072,780000,3,1.0,Woodinville,960,15682,1968,,813,,Sold,,,https://www.redfin.com/WA/Woodinville/4721-244th-St-SE-98072/home/2629889,NWMLS as Distributed by MLS Grid,2345251,N,Y,47.7764869,-122.1688033
PAST SALE,June-26-2025,Single Family Residential,15210 NE Woodland Pl,Woodinville,WA,98072,1515000,5,3.5,Woodinville,3480,8022,2016,,435,71,Sold,,,https://www.redfin.com/WA/Woodinville/15210-NE-Woodland-Pl-98072/home/69357084,NWMLS as Distributed by MLS Grid,2375963,N,Y,47.7623123,-122.136915
PAST SALE,June-24-2025,Single Family Residential,15701 161st Ave NE,Woodinville,WA,98072,1450000,5,3.0,Hollywood Hill,3580,43560,1971,,405,,Sold,,,https://www.redfin.com/WA/Woodinville/15701-161st-Ave-NE-98072/home/449346,NWMLS as Distributed by MLS Grid,2374731,N,Y,47.7414539,-122.1248443
PAST SALE,August-29-2025,Condo/Co-op,13270 NE 143rd Ct #35,Woodinville,WA,98072,1174995,4,3.5,Woodinville,1921,,2025,,612,430,Sold,,,https://www.redfin.com/WA/Woodinville/13270-NE-143rd-Ct-98072/unit-35/home/195265900,NWMLS as Distributed by MLS Grid,2401682,N,Y,47.7305609,-122.1619413
PAST SALE,June-17-2025,Single Family Residential,15916 183rd Pl NE,Woodinville,WA,98072,1047000,3,2.0,Cottage Lake,1440,16686,1976,,727,,Sold,,,https://www.redfin.com/WA/Woodinville/15916-183rd-Pl-NE-98072/home/270245,NWMLS as Distributed by MLS Grid,2368690,N,Y,47.7432093,-122.0943714
PAST SALE,August-12-2025,Condo/Co-op,14200 NE 171st St Unit B205,Woodinville,WA,98072,405000,2,2.0,Downtown Woodinville,812,,1983,,499,695,Sold,,,https://www.redfin.com/WA/Woodinville/14200-NE-171st-St-98072/unit-B205/home/7175,NWMLS as Distributed by MLS Grid,2400938,N,Y,47.75201,-122.149627
PAST SALE,June-26-2025,Single Family Residential,14504 186th Pl NE,Woodinville,WA,98072,1700000,3,2.5,Brook Trails Estates,2630,29100,1984,,646,35,Sold,,,https://www.redfin.com/WA/Woodinville/14504-186th-Pl-NE-98072/home/450664,NWMLS as Distributed by MLS Grid,2366954,N,Y,47.7330612,-122.0891057
PAST SALE,April-8-2025,Single Family Residential,16449 148th Ave NE,Woodinville,WA,98072,3975000,4,4.0,Hollywood Hill,5809,227383,1996,,684,,Sold,,,https://www.redfin.com/WA/Woodinville/16449-148th-Ave-NE-98072/home/448249,NWMLS as Distributed by MLS Grid,2327740,N,Y,47.7465418,-122.1434847
PAST SALE,May-29-2025,Single Family Residential,15902 174th Ave NE,Woodinville,WA,98072,1090000,3,3.0,Cottage Lake,1926,9610,1976,,566,,Sold,,,https://www.redfin.com/WA/Woodinville/15902-174th-Ave-NE-98072/home/269613,NWMLS as Distributed by MLS Grid,2351661,N,Y,47.7422513,-122.1077853
PAST SALE,August-8-2025,Single Family Residential,16430 NE 172nd Pl,Woodinville,WA,98072,1180000,2,1.0,Hollywood Hill,2070,101495,1928,,570,,Sold,,,https://www.redfin.com/WA/Woodinville/16430-NE-172nd-Pl-98072/home/448000,NWMLS as Distributed by MLS Grid,2387853,N,Y,47.7534214,-122.1189679
PAST SALE,September-3-2025,Single Family Residential,7512 Marwood Pl,Woodinville,WA,98072,1300000,4,2.5,Maltby,3171,49223,1989,,410,,Sold,,,https://www.redfin.com/WA/Woodinville/7512-Marwood-Pl-98072/home/2590846,NWMLS as Distributed by MLS Grid,2405357,N,Y,47.802497,-122.1316113
PAST SALE,May-12-2025,Townhouse,15505 132nd Pl NE,Woodinville,WA,98072,690000,2,2.5,West Woodinville,1308,,1998,,528,495,Sold,,,https://www.redfin.com/WA/Woodinville/15505-132nd-Pl-NE-98072/home/179783967,NWMLS as Distributed by MLS Grid,2347864,N,Y,47.7395924,-122.1633264
PAST SALE,June-6-2025,Single Family Residential,18908 160th Ave NE,Woodinville,WA,98072,3150000,4,5.0,Woodinville,5707,38674,2001,,552,,Sold,,,https://www.redfin.com/WA/Woodinville/18908-160th-Ave-NE-98072/home/271495,NWMLS as Distributed by MLS Grid,2326447,N,Y,47.7647614,-122.1252493
PAST SALE,May-12-2025,Condo/Co-op,12809 NE 170th Ln,Woodinville,WA,98072,515000,2,2.0,Woodinville,935,,1984,,551,299,Sold,,,https://www.redfin.com/WA/Woodinville/12809-NE-170th-Ln-98072/home/195099838,NWMLS as Distributed by MLS Grid,2346582,N,Y,47.7518305,-122.1708925
PAST SALE,September-12-2025,Single Family Residential,6822 Maltby Rd,Woodinville,WA,98072,1250000,3,2.0,Maltby,1406,99317,1946,,889,,Sold,,,https://www.redfin.com/WA/Woodinville/6822-Maltby-Rd-98072/home/2590922,NWMLS as Distributed by MLS Grid,2406024,N,Y,47.8047308,-122.1408759
PAST SALE,June-6-2025,Condo/Co-op,13227 NE 143rd Ct #17,Woodinville,WA,98072,1124995,4,3.5,Woodinville,1921,,2025,,586,430,Sold,,,https://www.redfin.com/WA/Woodinville/13227-NE-143rd-Ct-98072/unit-17/home/195252199,NWMLS as Distributed by MLS Grid,2354748,N,Y,47.7302902,-122.1630818
PAST SALE,July-15-2025,Single Family Residential,17930 151st Way NE,Woodinville,WA,98072,1180000,3,3.0,Downtown Woodinville,2730,12381,1984,,432,,Sold,,,https://www.redfin.com/WA/Woodinville/17930-151st-Way-NE-98072/home/271244,NWMLS as Distributed by MLS Grid,2376591,N,Y,47.757366,-122.138233
PAST SALE,April-22-2025,Single Family Residential,19008 NE 151st St,Woodinville,WA,98072,2435000,5,2.5,Brookside,4150,35002,1986,,587,220,Sold,,,https://www.redfin.com/WA/Woodinville/19008-NE-151st-St-98072/home/450843,NWMLS as Distributed by MLS Grid,2318002,N,Y,47.7393268,-122.0840923
PAST SALE,July-9-2025,Single Family Residential,18653 NE 146th Way,Woodinville,WA,98072,1700000,3,2.5,Brook Trails Estates,2460,43560,1984,,691,35,Sold,,,https://www.redfin.com/WA/Woodinville/18653-NE-146th-Way-98072/home/450956,NWMLS as Distributed by MLS Grid,2369323,N,Y,47.7349348,-122.0874342
PAST SALE,June-24-2025,Single Family Residential,22703 78th Ave SE,Woodinville,WA,98072,1700000,4,2.5,Wellington,3058,68825,1990,,556,60,Sold,,,https://www.redfin.com/WA/Woodinville/22703-78th-Ave-SE-98072/home/2818796,NWMLS as Distributed by MLS Grid,2364159,N,Y,47.790872,-122.128951
PAST SALE,June-27-2025,Condo/Co-op,13262 NE 143rd Ct #33,Woodinville,WA,98072,1049995,3,3.5,Woodinville,1705,1290271,2025,,616,430,Sold,,,https://www.redfin.com/WA/Woodinville/13262-NE-143rd-Ct-98072/unit-33/home/195252096,NWMLS as Distributed by MLS Grid,2354741,N,Y,47.7305615,-122.1621218
PAST SALE,July-23-2025,Condo/Co-op,13222 NE 143rd Ct #23,Woodinville,WA,98072,1160000,4,3.5,Woodinville,1921,,2025,,604,430,Sold,,,https://www.redfin.com/WA/Woodinville/13222-NE-143rd-Ct-98072/unit-23/home/195267040,NWMLS as Distributed by MLS Grid,2378998,N,Y,47.7306858,-122.1630593
PAST SALE,July-29-2025,Single Family Residential,15625 Avondale Rd NE,Woodinville,WA,98072,2100000,4,3.0,Cottage Lake,3630,48352,2000,,579,,Sold,,,https://www.redfin.com/WA/Woodinville/15625-Avondale-Rd-NE-98072/home/269988,NWMLS as Distributed by MLS Grid,2378278,N,Y,47.741123,-122.0818265
PAST SALE,April-11-2025,Condo/Co-op,13352 NE 144th Pl #49,Woodinville,WA,98072,1325000,4,3.5,Woodinville,2011,,2025,,659,430,Sold,,,https://www.redfin.com/WA/Woodinville/13352-NE-144th-Pl-98072/unit-49/home/194612865,NWMLS as Distributed by MLS Grid,2329235,N,Y,47.7309892,-122.1602334
PAST SALE,July-14-2025,Single Family Residential,17055 183rd Pl NE,Woodinville,WA,98072,1780000,4,3.5,Woodinville,4069,24057,1998,,437,13,Sold,,,https://www.redfin.com/WA/Woodinville/17055-183rd-Pl-NE-98072/home/269564,NWMLS as Distributed by MLS Grid,2381771,N,Y,47.7530512,-122.0962572
PAST SALE,July-28-2025,Single Family Residential,18102 NE 154th St,Woodinville,WA,98072,1380000,4,2.5,Brook Trails Estates,2730,37125,1980,,505,33,Sold,,,https://www.redfin.com/WA/Woodinville/18102-NE-154th-St-98072/home/450872,NWMLS as Distributed by MLS Grid,2369269,N,Y,47.7393121,-122.0983875
PAST SALE,September-17-2025,Single Family Residential,16121 NE 160th St,Woodinville,WA,98072,1630000,4,2.0,Hollywood Hill,2850,81457,1967,,572,,Sold,,,https://www.redfin.com/WA/Woodinville/16121-NE-160th-St-98072/home/448529,NWMLS as Distributed by MLS Grid,2397710,N,Y,47.7433786,-122.1237369
PAST SALE,July-14-2025,Condo/Co-op,14007 NE 181st Unit C304,Woodinville,WA,98072,450000,2,2.0,Woodinville,942,123276,1991,,478,543,Sold,,,https://www.redfin.com/WA/Woodinville/14007-NE-181st-St-98072/unit-C-304/home/177716366,NWMLS as Distributed by MLS Grid,2367977,N,Y,47.7583904,-122.1525407
PAST SALE,,Condo/Co-op,13277 NE 183rd St #13277,Woodinville,WA,98072,710000,3,2.5,,1479,,1995,,480,,,,,https://www.redfin.com/WA/Woodinville/13277-NE-183rd-St-98072/unit-13277/home/11620,,,N,Y,47.760021,-122.162369
PAST SALE,May-22-2025,Single Family Residential,16409 NE 143rd St,Woodinville,WA,98072,1900000,4,2.5,Hollywood Hill,3520,35038,1988,,540,,Sold,,,https://www.redfin.com/WA/Woodinville/16409-NE-143rd-St-98072/home/449427,NWMLS as Distributed by MLS Grid,2340951,N,Y,47.7288196,-122.1205167
PAST SALE,September-10-2025,Single Family Residential,18204 NE 175th Pl,Woodinville,WA,98072,975000,3,2.0,Cottage Lake,1690,11250,1970,,577,,Sold,,,https://www.redfin.com/WA/Woodinville/18204-NE-175th-Pl-98072/home/270330,NWMLS as Distributed by MLS Grid,2397627,N,Y,47.7548866,-122.0960524
PAST SALE,August-22-2025,Single Family Residential,15402 154th Ave NE,Woodinville,WA,98072,4368000,5,4.5,Hollywood Hill,4941,44926,2025,,884,250,Sold,,,https://www.redfin.com/WA/Woodinville/15402-154th-Ave-NE-98072/home/22457282,NWMLS as Distributed by MLS Grid,2387638,N,Y,47.739236,-122.133737
PAST SALE,July-1-2025,Single Family Residential,16009 161st Ave NE,Woodinville,WA,98072,1515000,4,3.5,Hollywood Hill,2880,40510,1977,,526,,Sold,,,https://www.redfin.com/WA/Woodinville/16009-161st-Ave-NE-98072/home/448510,NWMLS as Distributed by MLS Grid,2355750,N,Y,47.7441128,-122.1250506
PAST SALE,July-16-2025,Single Family Residential,15106 NE Woodland Pl,Woodinville,WA,98072,1660000,5,2.5,Woodinville,3630,9108,2016,,457,71,Sold,,,https://www.redfin.com/WA/Woodinville/15106-NE-Woodland-Pl-98072/home/69356479,NWMLS as Distributed by MLS Grid,2367457,N,Y,47.762334631,-122.1377368
PAST SALE,July-31-2025,Single Family Residential,17090 143rd Pl NE,Woodinville,WA,98072,2900000,4,4.0,Downtown Woodinville,4800,113256,2021,,604,,Sold,,,https://www.redfin.com/WA/Woodinville/17090-143rd-Pl-NE-98072/home/69357174,NWMLS as Distributed by MLS Grid,2378871,N,Y,47.7507745,-122.1475863
PAST SALE,April-10-2025,Condo/Co-op,13321 NE 143rd Ct #67,Woodinville,WA,98072,1179995,4,3.5,Woodinville,1921,,2025,,614,430,Sold,,,https://www.redfin.com/WA/Woodinville/13321-NE-143rd-Ct-98072/unit-67/home/194242370,NWMLS as Distributed by MLS Grid,2324455,N,Y,47.7303029,-122.1605832
PAST SALE,September-26-2025,Condo/Co-op,13267 NE 143rd Ct #7,Woodinville,WA,98072,1049995,3,3.5,Woodinville,1705,1,2025,,616,430,Sold,,,https://www.redfin.com/WA/Woodinville/13267-NE-143rd-Ct-98072/unit-7/home/195873484,NWMLS as Distributed by MLS Grid,2398845,N,Y,47.7300771,-122.1621561
PAST SALE,June-11-2025,Single Family Residential,19402 161st Ave NE,Woodinville,WA,98072,1800000,4,2.5,Wellington,2530,75794,1978,,711,,Sold,,,https://www.redfin.com/WA/Woodinville/19402-161st-Ave-NE-98072/home/270920,NWMLS as Distributed by MLS Grid,2347196,N,Y,47.7679937,-122.1243627
PAST SALE,July-8-2025,Townhouse,15412 135th Pl NE Unit 32B,Woodinville,WA,98072,680000,2,2.5,Woodinville,1242,,1998,,548,542,Sold,,,https://www.redfin.com/WA/Woodinville/15412-135th-Pl-NE-98072/unit-32B/home/36012,NWMLS as Distributed by MLS Grid,2360469,N,Y,47.7388025,-122.1598454
PAST SALE,August-15-2025,Single Family Residential,16709 NE 172nd Pl,Woodinville,WA,98072,1185000,3,2.0,Hollywood Hill,2140,109296,1934,,554,,Sold,,,https://www.redfin.com/WA/Woodinville/16709-NE-172nd-Pl-98072/home/448323,NWMLS as Distributed by MLS Grid,2362940,N,Y,47.751529,-122.1161009
PAST SALE,August-28-2025,Single Family Residential,14318 NE 178th St,Woodinville,WA,98072,1150000,3,2.5,Downtown Woodinville,1857,10925,1979,,619,,Sold,,,https://www.redfin.com/WA/Woodinville/14318-NE-178th-St-98072/home/271502,NWMLS as Distributed by MLS Grid,2392453,N,Y,47.7559963,-122.1476175
PAST SALE,May-15-2025,Condo/Co-op,13339 NE 143rd Ct #70,Woodinville,WA,98072,1144995,4,3.5,Woodinville,1921,,2025,,596,430,Sold,,,https://www.redfin.com/WA/Woodinville/13339-NE-143rd-Ct-98072/unit-70/home/194431483,NWMLS as Distributed by MLS Grid,2334255,N,Y,47.7303379,-122.1603078
PAST SALE,September-12-2025,Single Family Residential,18905 176th Ave NE,Woodinville,WA,98072,1090000,3,2.0,Leota,1740,24447,1974,,626,,Sold,,,https://www.redfin.com/WA/Woodinville/18905-176th-Ave-NE-98072/home/270882,NWMLS as Distributed by MLS Grid,2387179,N,Y,47.7644879,-122.1052104
PAST SALE,September-12-2025,Condo/Co-op,14459 133rd Pl NE #5,Woodinville,WA,98072,2149995,6,3.0,Woodinville,3650,7413,2025,,589,320,Sold,,,https://www.redfin.com/WA/Woodinville/14459-133rd-Pl-NE-98072/unit-5/home/195964701,NWMLS as Distributed by MLS Grid,2384811,N,Y,47.7318862,-122.1620333
PAST SALE,,Condo/Co-op,12727 NE 171st Ln #2727,Woodinville,WA,98072,630000,2,2.5,,1100,,1984,,573,,,,,https://www.redfin.com/WA/Woodinville/12727-NE-171st-Ln-98072/unit-2727/home/10629,,,N,Y,47.7518817,-122.1708225
PAST SALE,September-24-2025,Condo/Co-op,13251 NE 143rd Ct #11,Woodinville,WA,98072,1274995,4,3.5,Woodinville,2011,,2025,,634,430,Sold,,,https://www.redfin.com/WA/Woodinville/13251-NE-143rd-Ct-98072/unit-11/home/196036109,NWMLS as Distributed by MLS Grid,2379049,N,Y,47.7301091,-122.1625806
PAST SALE,June-13-2025,Vacant Land,0 street NE 156th St,Woodinville,WA,98072,60000,,,Cottage Lake,,11800,,,,,Sold,,,https://www.redfin.com/WA/Woodinville/0-street-NE-156th-St-98072/home/195123095,NWMLS as Distributed by MLS Grid,2347648,N,Y,47.740669,-122.17267
PAST SALE,May-16-2025,Condo/Co-op,14200 NE 171st St Unit F202,Woodinville,WA,98072,310000,1,1.0,Woodinville,607,,1983,,511,515,Sold,,,https://www.redfin.com/WA/Woodinville/14200-NE-171st-St-98072/home/58573,NWMLS as Distributed by MLS Grid,2331092,N,Y,47.7524938,-122.1493909
PAST SALE,June-20-2025,Townhouse,14315 149th Pl NE,Woodinville,WA,98072,1699990,4,3.5,Hollywood Hill,2361,1,2025,,720,347,Sold,,,https://www.redfin.com/WA/Woodinville/14315-149th-Pl-NE-98072/home/194166391,NWMLS as Distributed by MLS Grid,2344293,N,Y,47.729518,-122.140923
PAST SALE,August-25-2025,Single Family Residential,14842 NE 192nd St,Woodinville,WA,98072,3020000,4,5.0,Wellington,5251,46577,2006,,575,,Sold,,,https://www.redfin.com/WA/Woodinville/14842-NE-192nd-St-98072/home/271063,NWMLS as Distributed by MLS Grid,2369499,N,Y,47.7673539,-122.1399438
PAST SALE,September-22-2025,Single Family Residential,6130 Maltby Rd,Woodinville,WA,98072,5000000,4,4.5,Maltby,3975,452153,2006,,1258,,Sold,,,https://www.redfin.com/WA/Woodinville/6130-Maltby-Rd-98072/home/21502358,NWMLS as Distributed by MLS Grid,2371843,N,Y,47.8036389,-122.149969
PAST SALE,June-17-2025,Condo/Co-op,14057 NE 181st St Unit E202,Woodinville,WA,98072,450000,2,2.0,Downtown Woodinville,942,,1992,,478,550,Sold,,,https://www.redfin.com/WA/Woodinville/14057-NE-181st-St-98072/unit-E202/home/42538,NWMLS as Distributed by MLS Grid,2335610,N,Y,47.7583262,-122.1505871
PAST SALE,July-9-2025,Condo/Co-op,13286 NE 143rd Ct #39,Woodinville,WA,98072,1274995,4,3.5,Woodinville,2011,,2025,,634,430,Sold,,,https://www.redfin.com/WA/Woodinville/13286-NE-143rd-Ct-98072/unit-39/home/195043031,NWMLS as Distributed by MLS Grid,2347510,N,Y,47.7305625,-122.1615615
PAST SALE,August-29-2025,Condo/Co-op,13263 NE 143rd Ct #8,Woodinville,WA,98072,1049995,3,3.5,Woodinville,1705,1,2025,,616,430,Sold,,,https://www.redfin.com/WA/Woodinville/13263-NE-143rd-Ct-98072/unit-8/home/195828847,NWMLS as Distributed by MLS Grid,2377998,N,Y,47.7300721,-122.1622497
PAST SALE,June-26-2025,Townhouse,13277 NE 183rd St,Woodinville,WA,98072,710000,3,2.5,Woodinville,1479,,1995,,480,625,Sold,,,https://www.redfin.com/WA/Woodinville/13277-NE-183rd-St-98072/home/195019570,NWMLS as Distributed by MLS Grid,2325316,N,Y,47.760021,-122.162369
PAST SALE,June-13-2025,Townhouse,15505 133rd Pl NE Unit 10c,Woodinville,WA,98072,655000,2,2.5,West Woodinville,1308,,1998,,501,495,Sold,,,https://www.redfin.com/WA/Woodinville/15505-133rd-Pl-NE-98072/unit-10C/home/17081,NWMLS as Distributed by MLS Grid,2338399,N,Y,47.7395019,-122.1623595
PAST SALE,June-2-2025,Condo/Co-op,13310 NE 144th Pl #42,Woodinville,WA,98072,1249995,4,3.5,Woodinville,2011,,2025,,622,430,Sold,,,https://www.redfin.com/WA/Woodinville/13310-NE-144th-Pl-98072/unit-42/home/194691055,NWMLS as Distributed by MLS Grid,2331400,N,Y,47.7309024,-122.160796
PAST SALE,May-12-2025,Townhouse,14313 NE 147th Ct Unit 11C,Woodinville,WA,98072,2450000,3,3.5,Hollywood Hill,2092,1807,2024,,1171,401,Sold,,,https://www.redfin.com/WA/Woodinville/14313-NE-147th-Ct-98072/unit-11C/home/191946731,NWMLS as Distributed by MLS Grid,2273827,N,Y,47.7347651,-122.139776
PAST SALE,July-8-2025,Single Family Residential,13290 NE 143rd Ct #40,Woodinville,WA,98072,1299995,4,3.5,Woodinville,2011,,2025,,646,430,Sold,,,https://www.redfin.com/WA/Woodinville/13290-NE-143rd-Ct-98072/unit-40/home/195016110,NWMLS as Distributed by MLS Grid,2344038,N,Y,47.7305535,-122.1614326
PAST SALE,June-20-2025,Condo/Co-op,13345 NE 143rd Ct #71,Woodinville,WA,98072,1099995,4,3.5,Woodinville,1921,,2025,,573,430,Sold,,,https://www.redfin.com/WA/Woodinville/13345-NE-143rd-Ct-98072/unit-71/home/194815617,NWMLS as Distributed by MLS Grid,2335033,N,Y,47.7303518,-122.1602161
PAST SALE,June-20-2025,Townhouse,14314 148th Place NE (Homesite 28),Woodinville,WA,98072,1850000,4,3.5,Hollywood Hill,2361,1,2025,,784,347,Sold,,,https://www.redfin.com/WA/Woodinville/14314-148th-Pl-NE-98072/home/194636318,NWMLS as Distributed by MLS Grid,2330105,N,Y,47.7304111,-122.1421623
PAST SALE,September-11-2025,Single Family Residential,5127 215th St SE,Woodinville,WA,98072,1175000,3,3.0,North Creek,2765,21344,1988,,425,,Sold,,,https://www.redfin.com/WA/Woodinville/5127-215th-St-SE-98072/home/2799232,NWMLS as Distributed by MLS Grid,2371547,N,Y,47.8030637,-122.1644913
PAST SALE,August-1-2025,Condo/Co-op,13282 NE 143rd Ct #38,Woodinville,WA,98072,1169995,4,3.5,Woodinville,1921,,2025,,609,430,Sold,,,https://www.redfin.com/WA/Woodinville/13282-NE-143rd-Ct-98072/unit-38/home/195016070,NWMLS as Distributed by MLS Grid,2344018,N,Y,47.7305621,-122.1616601
PAST SALE,August-29-2025,Condo/Co-op,13219 NE 143rd Ct #19,Woodinville,WA,98072,1199995,4,3.5,Woodinville,2011,1,2025,,597,430,Sold,,,https://www.redfin.com/WA/Woodinville/13219-NE-143rd-Ct-98072/unit-19/home/195252299,NWMLS as Distributed by MLS Grid,2354757,N,Y,47.7303787,-122.1632606
PAST SALE,July-11-2025,Condo/Co-op,13334 NE 144th Pl #46,Woodinville,WA,98072,1135000,4,3.5,Woodinville,1921,,2025,,591,430,Sold,,,https://www.redfin.com/WA/Woodinville/13334-NE-144th-Pl-98072/unit-46/home/194671750,NWMLS as Distributed by MLS Grid,2331170,N,Y,47.730942,-122.1604947
PAST SALE,April-9-2025,Single Family Residential,24321 75th Ave SE,Woodinville,WA,98072,5900000,4,6.5,Wellington,8185,321037,2004,,721,,Sold,,,https://www.redfin.com/WA/Woodinville/24321-75th-Ave-SE-98072/home/2636217,NWMLS as Distributed by MLS Grid,2297817,N,Y,47.7765322,-122.1295105
PAST SALE,September-24-2025,Condo/Co-op,13275 NE 143rd Ct #5,Woodinville,WA,98072,1124995,4,3.5,Woodinville,1921,,2025,,586,430,Sold,,,https://www.redfin.com/WA/Woodinville/13275-NE-143rd-Ct-98072/unit-5/home/195170525,NWMLS as Distributed by MLS Grid,2349388,N,Y,47.7301134,-122.1619669
PAST SALE,May-22-2025,Townhouse,14301 NE 148th Pl Unit 7B,Woodinville,WA,98072,3100000,4,4.5,Hollywood Hill,2966,2754,2024,,1045,477,Sold,,,https://www.redfin.com/WA/Woodinville/14301-NE-148th-Pl-98072/unit-7B/home/191945988,NWMLS as Distributed by MLS Grid,2273729,N,Y,47.7356416,-122.1199221
PAST SALE,July-25-2025,Townhouse,14349 NE 147th St Unit 15C,Woodinville,WA,98072,2450000,3,3.5,Hollywood Hill,2092,1585,2024,,1171,401,Sold,,,https://www.redfin.com/WA/Woodinville/14349-NE-147th-St-98072/unit-15C/home/196162573,NWMLS as Distributed by MLS Grid,2273833,N,Y,47.734391,-122.1076706
PAST SALE,May-14-2025,Condo/Co-op,13350 NE 143rd Ct #55,Woodinville,WA,98072,1144995,4,3.5,Woodinville,1921,,2024,,596,430,Sold,,,https://www.redfin.com/WA/Woodinville/13350-NE-143rd-Ct-98072/unit-55/home/192108012,NWMLS as Distributed by MLS Grid,2278584,N,Y,47.7306935,-122.1602913
PAST SALE,April-21-2025,Mobile/Manufactured Home,20406 Little Bear Creek Rd #31,Woodinville,WA,98072,165000,3,2.0,Maltby,1344,1493134,1979,,123,,Sold,,,https://www.redfin.com/WA/Woodinville/20406-Little-Bear-Creek-Rd-98072/unit-31/home/2872721,NWMLS as Distributed by MLS Grid,2253911,N,Y,47.8122856,-122.1628408
PAST SALE,August-19-2025,Townhouse,14381 NE 148th Pl Unit 1A,Woodinville,WA,98072,3195000,4,4.5,Hollywood Hill,2976,2239,2024,,1074,478,Sold,,,https://www.redfin.com/WA/Woodinville/14381-NE-148th-Pl-98072/unit-1A/home/191946297,NWMLS as Distributed by MLS Grid,2273766,N,Y,47.7356416,-122.1199221
PAST SALE,May-27-2025,Single Family Residential,15117 153rd Ln NE,Woodinville,WA,98072,4558000,6,5.5,Hollywood Hill,5373,39515,2025,,848,250,Sold,,,https://www.redfin.com/WA/Woodinville/15117-153rd-Ln-NE-98072/home/22457265,NWMLS as Distributed by MLS Grid,2255563,N,Y,47.736773,-122.13634
PAST SALE,,Condo/Co-op,13282 NE 183rd St #13282,Woodinville,WA,98072,770000,3,2.5,,1479,,1995,,521,,,,,https://www.redfin.com/WA/Woodinville/13282-NE-183rd-St-98072/unit-13282/home/11623,,,N,Y,47.760021,-122.162369
PAST SALE,,Single Family Residential,22911 57th Ave SE,Woodinville,WA,98072,800000,4,2.5,,2580,51401,1974,,310,,,,,https://www.redfin.com/WA/Woodinville/22911-57th-Ave-SE-98072/home/2737503,,,N,Y,47.7894046,-122.1546569
PAST SALE,,Condo/Co-op,15519 134th Pl NE Unit 19C,Woodinville,WA,98072,830000,3,2.5,,1607,,1998,,516,,,,,https://www.redfin.com/WA/Woodinville/15519-134th-Pl-NE-98072/unit-19C/home/41551,,,N,Y,47.7398974,-122.161707
PAST SALE,,Condo/Co-op,12731 NE 171st Ln #2731,Woodinville,WA,98072,625000,2,2.5,,1100,,1984,,568,,,,,https://www.redfin.com/WA/Woodinville/12731-NE-171st-Ln-98072/unit-2731/home/34871,,,N,Y,47.751764,-122.170982
PAST SALE,,Single Family Residential,15120 NE 201st St,Woodinville,WA,98072,1032900,4,2.5,,3250,34995,1978,,318,,,,,https://www.redfin.com/WA/Woodinville/15120-NE-201st-St-98072/home/271736,,,N,Y,47.7731487,-122.137607
PAST SALE,,Condo/Co-op,14302 149th Pl NE,Woodinville,WA,98072,1850000,,,,7374,,,,251,,,,,https://www.redfin.com/WA/Woodinville/14302-149th-Pl-NE-98072/home/194155512,,,N,Y,47.7738499,-122.1409241
PAST SALE,,Single Family Residential,13403 Avondale Rd NE,Woodinville,WA,98072,1060000,5,3.0,,2200,60548,1980,,482,,,,,https://www.redfin.com/WA/Woodinville/13403-Avondale-Rd-NE-98072/home/449661,,,N,Y,47.7197301,-122.0881378
PAST SALE,,Vacant Land,,,WA,,100000,,,,,108029,,,,,,,,https://www.redfin.com/WA/Unknown/Unknown-Unknown/home/22428701,,,N,Y,47.756363,-122.108569
PAST SALE,,Condo/Co-op,14007 NE 181st St #304,Woodinville,WA,98072,450000,2,2.0,,942,,1991,,478,,,,,https://www.redfin.com/WA/Woodinville/14007-NE-181st-St-98072/unit-304/home/30971,,,N,Y,47.7582886,-122.1525234
PAST SALE,,Single Family Residential,19066 NE 162nd Pl,Woodinville,WA,98072,1125000,4,2.0,,2110,81022,1957,,533,,,,,https://www.redfin.com/WA/Woodinville/19066-NE-162nd-Pl-98072/home/269996,,,N,Y,47.744343,-122.082403
PAST SALE,,Condo/Co-op,14007 NE 181st St #102,Woodinville,WA,98072,500000,2,2.0,,929,,1991,,538,,,,,https://www.redfin.com/WA/Woodinville/14007-NE-181st-St-98072/unit-102/home/63900,,,N,Y,47.7582886,-122.1525234
PAST SALE,,Condo/Co-op,12809 NE 170th Ln #2809,Woodinville,WA,98072,515000,2,2.0,,935,,1984,,551,,,,,https://www.redfin.com/WA/Woodinville/12809-NE-170th-Ln-98072/unit-2809/home/34448,,,N,Y,47.7518305,-122.1708925
PAST SALE,,Condo/Co-op,14302 149th Pl NE,Woodinville,WA,98072,1740000,,,,4916,,,,354,,,,,https://www.redfin.com/WA/Woodinville/14302-149th-Pl-NE-98072/home/194155513,,,N,Y,47.7738499,-122.1409241
